"Page","FileName","Width","Height","Bytes","SHA256","FacebookOrder","ThreadsPart","ThreadsOrder"
"P01","STORY-XTL-S01E01_P01.jpg","1024","1536","475193","06E751026274A89C8997E0589F4249B969F7FF1C7A76360D20B99755074B53A1","1","1","1"
"P02","STORY-XTL-S01E01_P02.jpg","1024","1536","545289","C1CB64964503A8D9026388E5FFE7BA63702F014D250CCC2E9AC0041E627D2A2D","2","1","2"
"P03","STORY-XTL-S01E01_P03.jpg","1024","1536","514892","0EC28DD2355BE7C01085773F4176341AACA5B7C5D3D3EE54476C70EB15A5B86F","3","1","3"
"P04","STORY-XTL-S01E01_P04.jpg","1024","1536","511256","A3DEB997211DBF0B758EF05FF491AB12973363DD6B36E27ED4F557BA3E7282E2","4","1","4"
"P05","STORY-XTL-S01E01_P05.jpg","1024","1536","543816","A1D0334723FAD56BB27400CFB5BE1A2FA901A2EF07A52EE5C570E133743B05D4","5","1","5"
"P06","STORY-XTL-S01E01_P06.jpg","1024","1536","597588","DCAB3D6037314A46BE6BF3F05925CDC475258A5393B196E76C8AA0C0EE961540","6","1","6"
"P07","STORY-XTL-S01E01_P07.jpg","1024","1536","617313","80453389D895566E4398B73BEE26CD71E110DDA5631C215504FA72075E744EE6","7","1","7"
"P08","STORY-XTL-S01E01_P08.jpg","1024","1536","605868","03F46FD83EAD8C210BCD56E2FF900767A6A36B7EC0A06364BB6B3C5F035C9340","8","1","8"
"P09","STORY-XTL-S01E01_P09.jpg","1024","1536","526721","9EB69315A2F7E99572A6AB5D767591E64FBA351DA553ADAD3963164FDA272D87","9","2","1"
"P10","STORY-XTL-S01E01_P10.jpg","1024","1536","563140","43DBC4691D375FCA5D67DE3BFC451498B8E400BFC6B6AAF87CE14D90E36A18D0","10","2","2"
"P11","STORY-XTL-S01E01_P11.jpg","1024","1536","535683","0E24DA3026F515788F7595BAAF8596C0FF0D2A24294EE673C7B9B766ABCA977A","11","2","3"
"P12","STORY-XTL-S01E01_P12.jpg","1024","1536","598912","32FDCD245BF81EBE2DF99CB64D015C50CB414B5D93C467E55741A1DB09946E68","12","2","4"
"P13","STORY-XTL-S01E01_P13.jpg","1024","1536","523513","805A6B8BCB1846906A7D306BAD2A1721C56EAD8600340EB330D82E5B3029085B","13","2","5"
"P14","STORY-XTL-S01E01_P14.jpg","1024","1536","518533","4693934598F2936B05AFC4AEBFF3075E03C976EA2B593F98D34E6D1EDF4DB7A0","14","2","6"
"P15","STORY-XTL-S01E01_P15.jpg","1024","1536","484854","61E094FD98ACC07A2BFBF7A13EA09487A60B7E839A610A054595A72B0F85CCD7","15","2","7"
"P16","STORY-XTL-S01E01_P16.jpg","1024","1536","479341","A85899F4E4D6961B78492FACA01CBDC97C69F3F301300A93A704140E25CF1059","16","2","8"
"P17","STORY-XTL-S01E01_P17.jpg","1024","1536","474893","552F76EB61ABFE14C4B76F3C084E86E68A08BD0F4D900E45E1499C7F254EC238","17","3","1"
"P18","STORY-XTL-S01E01_P18.jpg","1024","1536","498475","D8282167BAA0A579032DFD5AC2368A3AA3984A2A883D1DB83D7182B4571D30BE","18","3","2"
"P19","STORY-XTL-S01E01_P19.jpg","1024","1536","510789","E883AB77D16C85AA15E8C8AFB4BEF1A7657B014367D01684822A7F4FA4F4DFAE","19","3","3"
"P20","STORY-XTL-S01E01_P20.jpg","1024","1536","569433","7617F7E08C55DB137D3504B133262F8D679A9C271E436C44EA04089A67642897","20","3","4"
"P21","STORY-XTL-S01E01_P21.jpg","1024","1536","506412","76CC926344E520BC34BF9242970D99393C30744DE00D1CF18CF1DC15A7C1104C","21","3","5"
"P22","STORY-XTL-S01E01_P22.jpg","1024","1536","465985","EB6B7596B4EEC95DFA4C4620A7B73BC242901FB08B32EC4AE358102B98CA629A","22","3","6"
"P23","STORY-XTL-S01E01_P23.jpg","1024","1536","494398","0DA6A77E97485F47B50CBDBD0B0EC4EDCDB342CA0C28EC529258EC102BE1BA7A","23","3","7"
"P24","STORY-XTL-S01E01_P24.jpg","1024","1536","623890","0908C14EB0D08BFB2EE66952274D0F9A479500F5781353A72E12C274C2FB8924","24","3","8"
